Name,Latitude,Longitude
"Yorkton, SK, Canada",51.21389,-102.462776
"Warman, SK, Canada",52.321945,-106.584167
"Swift Current, SK, Canada",50.288055,-107.793892
"North Battleford, SK, Canada",52.7575,-108.28611
"Moose Jaw, SK, Canada",50.393333,-105.551941
"Melville, SK, Canada",50.930557,-102.807777
"Melfort, SK, Canada",52.856388,-104.610001
"Martensville, SK, Canada",52.289722,-106.666664
"Humboldt, SK, Canada",52.201942,-105.123055
"Lloydminster, SK, Canada",53.278046,-110.00547
"Estevan, SK, Canada",49.13673,-102.990959
"Westmount, QC, Canada",45.484531,-73.597023
"Waterville, QC, Canada",45.266666,-71.900002
"Waterloo, QC, Canada",45.349998,-72.51667
"Ville-Marie, QC, Canada",47.333332,-79.433334
"Victoriaville, QC, Canada",46.049999,-71.966667
"Vaudreuil-Dorion, QC, Canada",45.400002,-74.033333
"Varennes, QC, Canada",45.683334,-73.433334
"Val-d'Or, QC, Canada",48.099998,-77.783333
"Valcourt, QC, Canada",45.5,-72.316666
"Trois-Rivières, QC, Canada",46.349998,-72.550003
"Trois-Pistoles, QC, Canada",48.119999,-69.18
"Thurso, QC, Canada",45.599998,-75.25
"Thetford Mines, QC, Canada",46.099998,-71.300003
"Terrebonne, QC, Canada",45.700001,-73.633331
"Témiscouata-sur-le-Lac, QC, Canada",47.68,-68.879997
"Témiscaming, QC, Canada",46.716667,-79.099998
"Stanstead, QC, Canada",45.016666,-72.099998
"Sorel-Tracy, QC, Canada",46.033333,-73.116669
"Shawinigan, QC, Canada",46.566666,-72.75
"Sept-Îles, QC, Canada",50.216667,-66.383331
"Senneterre, QC, Canada",48.383331,-77.23333
"Scotstown, QC, Canada",45.529999,-71.279999
"Salaberry-de-Valleyfield, QC, Canada",45.25,-74.129997
"Saint-Sauveur, QC, Canada",45.900002,-74.169998
"Saint-Rémi, QC, Canada",45.266666,-73.616669
"Saint-Raymond, QC, Canada",46.900002,-71.833336
"Saint-Pie, QC, Canada",45.5,-72.900002
"Saint-Pascal, QC, Canada",47.533333,-69.800003
"Saint-Pamphile, QC, Canada",46.966667,-69.783333
"Saint-Ours, QC, Canada",45.883331,-73.150002
"Saint-Lin–Laurentides, QC, Canada",45.849998,-73.76667
"Saint-Lambert, QC, Canada",45.5,-73.51667
"Saint-Lazare, QC, Canada",45.400002,-74.133331
"Saint-Joseph-de-Beauce, QC, Canada",46.299999,-70.883331
"Saint-Jérôme, QC, Canada",45.783333,-74
"Saint-Jean-sur-Richelieu, QC, Canada",45.316666,-73.26667
"Saint-Hyacinthe, QC, Canada",45.616669,-72.949997
"Saint-Georges, QC, Canada",46.116669,-70.666664
"Saint-Félicien, QC, Canada",48.650002,-72.449997
"Saint-Eustache, QC, Canada",45.57,-73.900002
"Sainte-Thérèse, QC, Canada",45.633331,-73.849998
"Sainte-Marthe-sur-le-Lac, QC, Canada",45.529999,-73.93
"Sainte-Marie, QC, Canada",46.450001,-71.033333
"Sainte-Marguerite-du-Lac-Masson, QC, Canada",46.029999,-74.050003
"Sainte-Julie, QC, Canada",45.583332,-73.333336
"Sainte-Catherine-de-la-Jacques-Cartier, QC, Canada",46.849998,-71.616669
"Sainte-Catherine, QC, Canada",45.400002,-73.580002
"Sainte-Anne-des-Plaines, QC, Canada",45.766666,-73.816666
"Sainte-Anne-de-Bellevue, QC, Canada",45.403889,-73.952499
"Sainte-Anne-de-Beaupré, QC, Canada",47.016666,-70.933334
"Sainte-Agathe-des-Monts, QC, Canada",46.049999,-74.279999
"Sainte-Adèle, QC, Canada",45.950001,-74.129997
"Saint-Constant, QC, Canada",45.369999,-73.57
"Saint-Colomban, QC, Canada",45.73,-74.129997
"Saint-Césaire, QC, Canada",45.416668,-73
"Saint-Bruno-de-Montarville, QC, Canada",45.533333,-73.349998
"Saint-Basile-le-Grand, QC, Canada",45.533333,-73.283333
"Saint-Basile, QC, Canada",46.75,-71.816666
"Saint-Augustin-de-Desmaures, QC, Canada",46.733334,-71.466667
"Saguenay, QC, Canada",48.416668,-71.066666
"Rouyn-Noranda, QC, Canada",48.233334,-79.01667
"Rosemère, QC, Canada",45.636944,-73.800003
"Roberval, QC, Canada",48.52,-72.230003
"Rivière-Rouge, QC, Canada",46.416668,-74.866669
"Rivière-du-Loup, QC, Canada",47.833332,-69.533333
"Richmond, QC, Canada",45.666668,-72.150002
"Richelieu, QC, Canada",45.450001,-73.25
"Princeville, QC, Canada",46.166668,-71.883331
"Prévost, QC, Canada",45.869999,-74.080002
"Portneuf, QC, Canada",46.700001,-71.883331
"Port-Cartier, QC, Canada",50.033333,-66.866669
"Pont-Rouge, QC, Canada",45.450001,-73.816666
"Pohénégamook, QC, Canada",47.466667,-69.216667
"Plessisville, QC, Canada",46.216667,-71.783333
"Pincourt, QC, Canada",45.383331,-73.98333
"Percé, QC, Canada",48.533333,-64.216667
"Paspébiac, QC, Canada",48.033333,-65.25
"Otterburn Park, QC, Canada",45.533333,-73.216667
"Notre-Dame-des-Prairies, QC, Canada",46.049999,-73.433334
"Notre-Dame-de-l'Île-Perrot, QC, Canada",45.366669,-73.933334
"Normandin, QC, Canada",48.833332,-72.533333
"Nicolet, QC, Canada",46.216667,-72.616669
"New Richmond, QC, Canada",48.166668,-65.866669
"Neuville, QC, Canada",46.700001,-71.583336
"Murdochville, QC, Canada",48.966667,-65.5
"Mount Royal, QC, Canada",45.516109,-73.643059
"Mont-Tremblant, QC, Canada",46.116669,-74.599998
"Mont-Saint-Hilaire, QC, Canada",45.562222,-73.191666
"Montréal-Est, Montreal, QC, Canada",45.630001,-73.519997
Mexico City,19.4333,-99.1333
Guadalajara,20.6767,-103.3475
Monterrey,25.6667,-100.3
Tijuana,32.525,-117.0333
Ecatepec,19.6097,-99.06
Puebla,19.0333,-98.1833
León de los Aldama,21.1167,-101.6833
Juárez,31.7386,-106.487
Zapopan,20.7167,-103.4
Nezahualcóyotl,19.4,-98.9889
Ciudad Nezahualcóyotl,19.41,-99.03
Mexicali,32.6633,-115.4678
Aguascalientes,21.876,-102.296
Mérida,20.97,-89.62
Chihuahua,28.6353,-106.0889
Naucalpan de Juárez,19.4753,-99.2378
San Luis Potosí,22.1511,-100.9761
Toluca,19.2925,-99.6569
Hermosillo,29.0989,-110.9542
Saltillo,25.4333,-101
Querétaro,20.5875,-100.3928
Culiacán,24.8069,-107.3939
Morelia,19.7683,-101.1894
Tlalnepantla,19.5367,-99.1947
Cancún,21.1606,-86.8475
Tlajomulco de Zúñiga,20.4736,-103.4431
Reynosa,26.0922,-98.2778
Guadalupe,25.6775,-100.2597
Acapulco de Juárez,16.8636,-99.8825
Torreón,25.5394,-103.4486
Durango,24.0167,-104.6667
Villahermosa,17.9892,-92.9281
Chimalhuacán,19.4167,-98.9
Tuxtla,16.7528,-93.1167
Tlaquepaque,20.6167,-103.3167
Veracruz,19.1903,-96.1533
Xalapa,19.54,-96.9275
Ciudad Apodaca,25.7833,-100.1833
Ensenada,31.8578,-116.6058
Heroica Matamoros,25.8797,-97.5042
Cuautitlán Izcalli,19.65,-99.25
Mazatlán,23.22,-106.42
Mazatán,29.0167,-110.1333
Ixtapaluca,19.3186,-98.8822
Ciudad López Mateos,19.55,-99.2833
Tultitlán de Mariano Escobedo,19.645,-99.1694
San Nicolás de los Garza,25.75,-100.2833
Celaya,20.5222,-100.8122
Ciudad Obregón,27.4939,-109.9389
Irapuato,20.6667,-101.35
Tonalá,20.6167,-103.2333
Nuevo Laredo,27.4861,-99.5069
Nicolás Romero,19.5833,-99.3667
Cuernavaca,18.9186,-99.2342
Tecámac,19.7131,-98.9683
Ciudad General Escobedo,25.7933,-100.1583
Minatitlán,17.9833,-94.55
Tepic,21.5083,-104.8931
Gómez Palacio,25.5611,-103.4983
Tapachula,14.9,-92.2667
Coatzacoalcos,18.15,-94.4333
Uruapan,19.4208,-102.0628
Tampico,22.2553,-97.8686
Chalco,19.2647,-98.8975
Ciudad Victoria,23.7333,-99.1333
Oaxaca,17.0833,-96.75
Coacalco,19.6333,-99.0931
Pachuca,20.1,-98.75
Tehuacán,18.4617,-97.3928
Salamanca,20.5703,-101.1972
Ciudad Benito Juárez,25.65,-100.0833
Ciudad Santa Catarina,25.6833,-100.45
Texcoco,19.52,-98.88
Los Mochis,25.7835,-108.9937
Playa del Carmen,20.6275,-87.0811
La Paz,24.1422,-110.3108
San Juan del Río,20.3833,-99.9833
Monclova,26.9103,-101.4222
Puerto Vallarta,20.6667,-105.2667
Campeche,19.85,-90.5306
Heroica Nogales,31.3186,-110.9458
Córdoba,18.8942,-96.9347
Ciudad Acuña,29.3242,-100.9317
Soledad de Graciano Sánchez,22.1833,-100.9333
Guadalupe,22.7528,-102.5078
Ciudad Madero,22.25,-97.8333
Buenavista,19.6083,-99.1694
Metepec,19.2511,-99.6047
Poza Rica de Hidalgo,20.5333,-97.45
Cholula de Rivadabia,19.0633,-98.3064
San Luis Río Colorado,32.4767,-114.7625
San Pablo de las Salinas,19.6656,-99.0917
Chilpancingo,17.55,-99.5
Manzanillo,19.0522,-104.3158
Ciudad Valles,21.9833,-99.0167
Cuautla,18.8167,-98.95
Chicoloapan,19.4167,-98.9
Guanajuato,21.0178,-101.2567
Comitán,16.2511,-92.1342
Ciudad del Carmen,18.6333,-91.8333
Cuauhtémoc,28.405,-106.8667
Lagos de Moreno,21.3564,-101.9292
Piedras Negras,28.7,-100.5231
San Cristóbal,16.7367,-92.6383
Navojoa,27.0813,-109.4461
Jiutepec,18.8833,-99.1667
Papantla de Olarte,20.4478,-97.32
San Martin Texmelucan de Labastida,19.2833,-98.4333
Tulancingo,20.0833,-98.3667
Chetumal,18.5036,-88.3053
Dolores Hidalgo Cuna de la Independencia Nacional,21.1516,-100.9369
Delicias,28.1931,-105.4717
Silao,20.9478,-101.4281
García,25.8167,-100.5833
Tuxtepec,18.1,-96.1167
Túxpam de Rodríguez Cano,20.95,-97.4
Zamora,19.9833,-102.2833
Tepatitlán de Morelos,20.817,-102.733
Valle de Santiago,20.3928,-101.1969
Kanasín,20.9344,-89.5578
San Miguel de Allende,20.9142,-100.7436
Zacatecas,22.7736,-102.5736
Boca del Rio,19.1056,-96.1078
Colima,19.2433,-103.7247
Zinacantepec,19.2833,-99.7333
Santa María Texmelucan,19.2833,-98.4333
Heroica Guaymas,27.9183,-110.8989
Apatzingan de la Constitucion,19.0886,-102.3508
Ixtlahuaca,19.5689,-99.7669
Ciudad de Atlixco,18.9,-98.45
Ciudad Hidalgo,19.6923,-100.5574
San Pedro Garza García,25.6667,-100.3
Chilapa de Álvarez,17.5944,-99.1778
Miramar,22.3375,-97.8694
Villa de Álvarez,19.25,-103.7333
Orizaba,18.85,-97.1
Temixco,18.85,-99.2333
Huejutla de Reyes,21.1333,-98.4167
Las Delicias,28.2,-105.5
San Francisco del Rincón,21.0228,-101.86
Tecomán,18.9089,-103.8747
Ciudad Mante,22.7333,-98.95
Fresnillo,23.175,-102.8675
San Antonio Enchisi,19.7072,-99.7867
Martínez de la Torre,20.0667,-97.05
Iguala de la Independencia,18.35,-99.5333
Cuautitlán,19.6833,-99.1833
Parral,26.9333,-105.6667
Escuintla,15.3194,-92.6583
San Felipe,21.4833,-101.2167
Lerma,19.2847,-99.5119
Zihuatanejo,17.6444,-101.5511
Tula de Allende,20.05,-99.35
Ciudad Río Bravo,25.9861,-98.0889
San Luis de la Paz,21.3,-100.5167
Jilotepec,19.9519,-99.5328
Tizayuca,19.8333,-98.9833
San Felipe del Progreso,19.7125,-99.9511
La Piedad,20.3333,-102.0167
Taxco de Alarcón,18.5564,-99.605
Huauchinango,20.1767,-98.0528
Santa Cruz Xoxocotlán,17.0264,-96.7333
San José del Cabo,23.0614,-109.7081
Teziutlan,19.8178,-97.3667
Coatepec,19.4553,-96.9586
Tultepec,19.685,-99.1281
Tenancingo,18.9608,-99.5906
Playas de Rosarito,32.35,-117.05
Paraíso,18.3961,-93.2128
Cadereyta Jiménez,25.6,-100
Santa Rosa Jauregui,20.7418,-100.4473
Guasavito,25.5655,-108.4718
Acayucan,17.9422,-94.9103
Jalpa de Méndez,18.1764,-93.0631
Nacajuca,18.1692,-93.0197
Apizaco,19.4167,-98.1333
Cunduacán,18.0667,-93.1667
Cabo San Lucas,22.8897,-109.9156
Salina Cruz,16.1671,-95.2
Tepeji del Río de Ocampo,19.9039,-99.3414
Tala,20.6525,-103.7028
Cárdenas,17.983,-93.367
Pátzcuaro,19.5164,-101.6097
Ciudad Lerdo,25.55,-103.5167
Ciudad Lázaro Cárdenas,17.9561,-102.1922
Agua Prieta,31.3258,-109.5489
Sahuayo de Morelos,20.0575,-102.7239
Villa Victoria,19.4333,-100
Temoaya,19.4686,-99.5933
Ciudad de Huajuapam de León,17.8039,-97.7758
Cozumel,20.5104,-86.9493
Tacámbaro de Codallos,19.2356,-101.4569
Zacatlán,19.9319,-97.96
Valle Alto,25.5667,-100.25
Juchitán de Zaragoza,16.4333,-95.0194
Fuentes del Valle,19.6325,-99.1386
Ixmiquilpan,20.4861,-99.2589
Tamazunchale,21.2667,-98.7833
Guamúchil,25.4639,-108.0794
Guasave,25.5744,-108.4706
Tejupilco,18.9058,-100.1528
Frontera,26.926,-101.449
Jacona de Plancarte,19.95,-102.3167
San Juan de los Lagos,21.2458,-102.3308
Rioverde,21.93,-99.98
Purísima de Bustos,21.0333,-101.8667
Valle Hermoso,25.6736,-97.8144
Zapotlanejo,20.6228,-103.0689
Tepotzotlán,19.7161,-99.2236
Matehuala,23.6528,-100.6444
Comonfort,20.7167,-100.7667
Santa Catarina Otzolotepec,18.5667,-97.25
Juventino Rosas,20.65,-101
Jiquílpan de Juárez,19.9942,-102.7172
Tecate,32.5667,-116.6331
Santo Domingo Tehuantepec,16.3184,-95.2478
Apaseo el Alto,20.45,-100.6167
Santiago Tianguistenco,19.1797,-99.4706
Misantla,19.9333,-96.85
Colonia del Sol,22.9125,-109.9208
Sabinas,27.86,-101.12
San Juan de Sabinas,27.9167,-101.3
Teoloyucan,19.7442,-99.1811
Linares,24.8597,-99.5679
Puerto Peñasco,31.3167,-113.5369
Ocoyoacac,19.2739,-99.4606
Valle de Bravo,19.1925,-100.1306
Montemorelos,25.1872,-99.8267
Huatusco,19.1489,-96.9661
Autlán de Navarro,19.7667,-104.3667
Amozoc,19.0333,-98.05
Heroica Caborca,30.7167,-112.15
Huehuetoca,19.8342,-99.2033
Altamira,22.3375,-97.8694
Uriangato,20.1333,-101.1667
Tlaltenango de Sánchez Román,21.7815,-103.3059
Sombrerete,23.6333,-103.6397
Temascalcingo,19.9147,-100.0036
Acámbaro,20.0361,-100.7314
Cortazar,20.483,-100.933
Ciudad Cuauhtémoc,22.1833,-97.8333
Jerez de García Salinas,22.6481,-102.9903
Santiago Tuxtla,18.4654,-95.3
Cosamaloapan,18.3667,-95.8
Tezonapa,18.6058,-96.6875
Acambay,19.9539,-99.8431
Amealco,20.1881,-100.1439
Actopan,20.267,-98.933
Etchojoa,26.8667,-109.65
Nuevo Casas Grandes,30.4167,-107.9167
Jocotitlán,19.7072,-99.7867
Tequisquiapan,20.5206,-99.8958
San José Iturbide,21,-100.3833
Ixhuatlán de Madero,20.6833,-98.0167
Progreso,21.28,-89.67
San Pedro,25.7589,-102.9844
Encarnación de Díaz,21.5167,-102.2333
Pijijiapan,15.6867,-93.2092
San José Villa de Allende,19.3747,-100.1475
Acatzingo,18.9817,-97.7822
Huamantla,19.3133,-97.9228
Romita,20.8708,-101.5169
Berriozábal,16.7993,-93.2725
Zumpango,19.7969,-99.0992
Francisco I. Madero,25.7753,-103.2731
Tepeapulco,19.7856,-98.5517
Guacharachi,27.15,-107.3167
Santa Lucía del Camino,17.0667,-96.6833
Valladolid,20.6894,-88.2017
Matamoros,25.533,-103.25
San Pedro Mixtepec,16,-97.1169
Ramos Arizpe,25.55,-100.9667
San Buenaventura,19.2641,-99.6746
Cuetzalan,20.0333,-97.5167
Mapastepec,15.4198,-92.9492
Santiago Teyahualco,19.6667,-99.1333
Calimaya,19.1608,-99.6172
Tizimín,21.1425,-88.1647
Santa Ana Chiautempan,19.3167,-98.1833
Jocotepec,20.1667,-103.2833
San Francisco de los Romo,22.0833,-102.2667
Tlalmanalco,19.2044,-98.8025
Villagrán,20.517,-100.983
Ciudad Constitución,25.0322,-111.6703
Cuautepec de Hinojosa,20.15,-98.4333
Parras de la Fuente,25.4403,-102.1792
Chiapa de Corzo,16.7083,-93.0169
Puerto Escondido,15.8619,-97.0672
Tres Valles,18.2367,-96.1369
Petatlán,17.5383,-101.2739
Simojovel de Allende,17.15,-92.7167
Zongolica,18.6642,-97.0011
Pedro Celestino Negrete,24.726,-102.984
Loreto,22.2667,-101.9833
Actopan,19.5036,-96.6192
Hueyapan de Ocampo,18.15,-95.15
Villa de Zaachila,16.9508,-96.7492
Jesús María,21.9667,-102.35
Tepalcatepec,19.1833,-102.85
,,
"Montreal West, QC, Canada",45.453609,-73.647224
"Montmagny, QC, Canada",46.983334,-70.550003
"Mont-Joli, QC, Canada",48.580002,-68.18
"Mirabel, QC, Canada",45.650002,-74.083336
"Métis-sur-Mer, QC, Canada",48.669998,-68
"Matane, QC, Canada",48.849998,-67.533333
"Matagami, QC, Canada",49.75,-77.633331
"Marieville, QC, Canada",45.433334,-73.166664
"Maniwaki, QC, Canada",46.375,-75.966667
"Malartic, QC, Canada",48.133331,-78.133331
"Magog, Quebec, Canada",45.266666,-72.150002
"Macamic, QC, Canada",48.75,-79
"Louiseville, QC, Canada",46.25,-72.949997
"Lorraine, QC, Canada",45.683334,-73.783333
"L'Île-Perrot, QC, Canada",45.383331,-73.949997
"Lebel-sur-Quévillon, QC, Canada",49.049999,-76.98333
"Lavaltrie, QC, Canada",45.883331,-73.283333
"L'Assomption, QC, Canada",45.833332,-73.416664
"L'Ancienne-Lorette, QC, Canada",46.799999,-71.349998
"Lac-Sergent, QC, Canada",46.849998,-71.73333
"Lachute, QC, Canada",45.650002,-74.333336
"Lac-Delage, QC, Canada",46.966667,-71.400002
"La Tuque, QC, Canada",47.433334,-72.783333
"La Sarre, QC, Canada",48.799999,-79.199997
"La Prairie, QC, Canada",45.419998,-73.5
"La Pocatière, QC, Canada",47.366669,-70.033333
"La Malbaie, QC, Canada",47.650002,-70.150002
"Kirkland, QC, Canada",45.450001,-73.866669
"Kingsey Falls, QC, Canada",45.849998,-72.066666
"Joliette, QC, Canada",46.016666,-73.449997
"Huntingdon, QC, Canada",45.080002,-74.169998
"Hampstead, QC, Canada",45.483334,-73.633331
"Grande-Rivière, QC, Canada",48.400002,-64.5
"Granby, QC, Canada",45.400002,-72.73333
"Gracefield, QC, Canada",46.099998,-76.050003
"Gaspé, QC, Canada",48.833332,-64.48333
"Fossambault-sur-le-Lac, QC, Canada",46.866669,-71.616669
"Forestville, QC, Canada",48.733334,-69.083336
"Fermont, QC, Canada",52.783333,-67.083336
"Farnham, QC, Canada",45.283333,-72.98333
"Estérel, QC, Canada",46.049999,-74.019997
"East Angus, QC, Canada",45.483334,-71.666664
"Duparquet, QC, Canada",48.5,-79.23333
"Dunham, QC, Canada",45.133331,-72.800003
"Drummondville, QC, Canada",45.883331,-72.48333
"Dorval, QC, Canada",45.450001,-73.75
"Donnacona, QC, Canada",46.674721,-71.729446
"Dollard-des-Ormeaux, QC, Canada",45.483334,-73.816666
"Dolbeau-Mistassini, QC, Canada",48.883331,-72.23333
"Disraeli, QC, Canada",45.900002,-71.349998
"Desbiens, QC, Canada",48.416668,-71.949997
"Delson, QC, Canada",45.369999,-73.550003
"Dégelis, QC, Canada",47.549999,-68.650002
"Daveluyville, QC, Canada",46.204311,-72.137604
"Danville, QC, Canada",45.785278,-72.015854
"Cowansville, QC, Canada",45.207615,-72.747917
"Coteau-du-Lac, QC, Canada",45.296394,-74.1782
"Côte Saint-Luc, QC, Canada",45.467548,-73.652573
"Cookshire-Eaton, Quebec, Canada",45.41238,-71.629128
"Contrecœur, QC, Canada",45.85751,-73.238708
"Coaticook, QC, Canada",45.132519,-71.80529
"Clermont, Capitale-Nationale, QC, Canada",47.695621,-70.220268
"Chibougamau, QC, Canada",49.913231,-74.369202
"Château-Richer, QC, Canada",46.967319,-71.022614
"Châteauguay, QC, Canada",45.363209,-73.738533
"Charlemagne, QC, Canada",45.721001,-73.486168
"Chapais, QC, Canada",49.781811,-74.854492
"Chandler, QC, Canada",48.354259,-64.681107
"Chambly, QС, Canada",45.44508,-73.287666
"Causapscal, QC, Canada",48.365391,-67.233917
"Carleton-sur-Mer, QC, Canada",48.10463,-66.127121
"Carignan, QC, Canada",45.452,-73.310867
"Cap-Santé, QC, Canada",46.670872,-71.784027
"Cap-Chat, QC, Canada",49.09771,-66.686783
"Candiac, QC, Canada",45.392399,-73.516579
"Brownsburg-Chatham, QC, Canada",45.6759,-74.407372
"Bromont, QC, Canada",45.319649,-72.648338
"Brossard, QC, Canada",45.455151,-73.465439
"Boucherville, QC, Canada",45.60429,-73.453583
"Bonaventure, QC, Canada",48.04446,-65.491669
"Bois-des-Filion, QC, Canada",45.667992,-73.756699
"Boisbriand, QC, Canada",45.61311,-73.838768
"Blainville, QC, Canada",45.668896,-73.872871
"Berthierville, QC, Canada",46.081161,-73.180878
"Beloeil, QC, Canada",45.567924,-73.203949
"Belleterre, QC, Canada",47.389259,-78.703987
"Bedford, QC, Canada",45.116669,-72.98333
"Bécancour, QC, Canada",46.333332,-72.433334
"Beaupré, QC, Canada",47.049999,-70.900002
"Beauharnois, QC, Canada",45.32,-73.870003
"Beauceville, QC, Canada",46.200001,-70.783333
"Beaconsfield, QC, Canada",45.433334,-73.866669
"Barkmere, QC, Canada",46,-74.583336
"Baie-Saint-Paul, QC, Canada",47.450001,-70.5
"Baie-D'Urfé, QC, Canada",45.416668,-73.916664
"Acton Vale, QC, Canada",45.650002,-72.566666
"Woodstock, ON, Canada",43.130554,-80.746666
"Waterloo, ON, Canada",43.466667,-80.51667
"Thunder Bay, ON, Canada",48.382221,-89.246109
"Thorold, ON, Canada",43.116669,-79.199997
"Temiskaming Shores, ON, Canada",47.516666,-79.683334
"Stratford, ON, Canada",43.370834,-80.981941
"Sault Ste. Marie, ON, Canada",46.533333,-84.349998
"Sarnia, ON, Canada",42.999443,-82.308891
"Peterborough, ON, Canada",44.299999,-78.316666
"Owen Sound, ON, Canada",44.566666,-80.933334
"Ottawa, ON, Canada",45.424721,-75.695
"Niagara Falls, ON, Canada",43.060001,-79.106667
"London, ON, Canada",42.983612,-81.249725
"Kingston, ON, Canada",44.233334,-76.5
"Kenora, ON, Canada",49.766666,-94.48333
"Kawartha Lakes, ON, Canada",44.349998,-78.75
"Guelph, ON, Canada",43.549999,-80.25
"Elliot Lake, ON, Canada",46.383331,-82.650002
"Cornwall, ON, Canada",45.0275,-74.739998
"Clarence-Rockland, ON, Canada",45.483334,-75.199997
"Cambridge, ON, Canada",43.397221,-80.311386
"Brockville, ON, Canada",44.583332,-75.683334
"Brantford, ON, Canada",43.166668,-80.25
"Belleville, ON, Canada",44.166668,-77.383331
"Charlottetown, PE, Canada",46.238888,-63.129166
"Iqaluit, NU, Canada",63.748611,-68.519722
"Dartmouth, NS, Canada",44.666668,-63.566666
"Mount Pearl, NL, Canada",47.51889,-52.805832
"Corner Brook, NL, Canada",48.950001,-57.950001
"Edmundston, NB, Canada",47.376499,-68.325348
"Campbellton, NB, Canada",48.005001,-66.673058
"Bathurst, NB, Canada",47.619999,-65.650002
"Winkler, MB, Canada",49.181667,-97.93972
"Thompson, MB, Canada",55.743332,-97.855278
"Selkirk, MB, Canada",50.143612,-96.883888
"Portage la Prairie, MB, Canada",49.972778,-98.291946
"Morden, MB, Canada",49.191944,-98.100555
"Dauphin, MB, Canada",51.149445,-100.049446
"Brandon, MB, Canada",49.848331,-99.949997
"White Rock, BC, Canada",49.019917,-122.802612
"Salmon Arm, BC, Canada",50.702221,-119.272224
"Quesnel, BC, Canada",52.978443,-122.492668
"Prince Rupert, BC, Canada",54.312195,-130.327087
"Prince George, BC, Canada",53.916943,-122.749443
"Powell River, BC, Canada",49.835278,-124.524719
"Port Moody, BC, Canada",49.283054,-122.831665
"Port Coquitlam, BC, Canada",49.262501,-122.781113
"Port Alberni, BC, Canada",49.233891,-124.805
"Pitt Meadows, BC, Canada",49.233334,-122.683334
"Parksville, BC, Canada",49.314999,-124.311996
"North Vancouver, BC, Canada",49.316666,-123.066666
"Langford, BC, Canada",48.450558,-123.505836
"Kimberley, BC, Canada",49.669724,-115.977501
"Kamloops, BC, Canada",50.676109,-120.340836
"Greenwood, BC, Canada",49.09111,-118.676941
"Grand Forks, BC, Canada",49.033333,-118.440002
"Fort St. John, BC, Canada",56.246464,-120.847633
"Fernie, BC, Canada",49.504166,-115.062775
"Enderby, BC, Canada",50.550835,-119.139725
"Duncan, BC, Canada",48.778694,-123.707863
"Delta, BC, Canada",49.084721,-123.058609
"Cranbrook, BC, Canada",49.509724,-115.76667
"Dawson Creek, BC, Canada",55.760555,-120.235558
"Courtenay, BC, Canada",49.687778,-124.994446
"Colwood, BC, Canada",48.423611,-123.495834
"Castlegar, BC, Canada",49.325558,-117.666115
"Campbell River, BC, Canada",50.024445,-125.247498
"Abbotsford, BC, Canada",49.049999,-122.316666
"Armstrong, BC, Canada",50.448334,-119.196114
"Wetaskiwin, AB, Canada",52.969444,-113.376945
"St. Albert, AB, Canada",53.63028,-113.625832
"Spruce Grove, AB, Canada",53.544998,-113.900803
"Medicine Hat, AB, Canada",50.041668,-110.677498
"Lloydminster, AB, Canada",53.278332,-110.004997
"Lethbridge, AB, Canada",49.694168,-112.832779
"Leduc, AB, Canada",53.259445,-113.549164
"Lacombe, AB, Canada",52.468334,-113.736946
"Grande Prairie, AB, Canada",55.170834,-118.794724
"Fort Saskatchewan, AB, Canada",53.712776,-113.213333
"Cold Lake, AB, Canada",54.464169,-110.182503
"Chestermere, AB, Canada",51.049999,-113.822502
"Camrose, AB, Canada",53.016666,-112.833336
"Calgary, AB, Canada",51.049999,-114.066666
"Brooks, AB, Canada",50.564167,-111.898888
"Beaumont, AB, Canada",53.357224,-113.414719
"Airdrie, AB, Canada",51.291668,-114.014442
"Montreal, Quebec, Canada",45.508888,-73.561668
"Toronto, ON, Canada",43.65107,-79.347015
"Sudbury, ON, Canada",46.493919,-80.995415
"Maple Ridge, BC, Canada",49.216667,-122.599998
"Pickering, ON, Canada",43.838413,-79.086761
"New Westminster, BC, Canada",49.206944,-122.91111
"Longueuil, QC, Canada",45.536945,-73.510712
"Regina, SK, Canada",50.44521,-104.618896
"Surrey, BC, Canada",49.104431,-122.801094
"Vaughan, ON, Canada",43.837208,-79.508278
"St. Thomas, ON, Canada",42.778828,-81.175369
"Coquitlam, BC, Canada",49.283764,-122.793205
"Richmond, BC, Canada",49.166592,-123.133568
"Kitchener, ON, Canada",43.452969,-80.495064
"St. John's, NL, Canada",47.560539,-52.71283
"Pembroke, ON, Canada",45.826653,-77.110886
"Winnipeg, MB, Canada",49.895077,-97.138451
"High River, AB, Canada",50.584435,-113.873505
"Lévis, QC, Canada",46.738228,-71.24646
"Fredericton, NB, Canada",45.964993,-66.646332
"Laval, Montreal, QC, Canada",45.612499,-73.707092
"Val-d'Or, QC, Canada",48.098709,-77.796768
"Nelson, BC, Canada",49.5,-117.283333
"Markham, ON, Canada",43.856098,-79.337021
"Burnaby, BC, Canada",49.246445,-122.99456
"Barrie, ON, Canada",44.389355,-79.690331
"Saint John, NB, Canada",45.273918,-66.067657
"Burlington, ON, Canada",43.328674,-79.817734
"Nanaimo, BC, Canada",49.165882,-123.940063
"St. Catharines, ON, Canada",43.159374,-79.246864
"Fort McMurray, AB, Canada",56.732014,-111.375961
"Vernon, BC, Canada",50.27179,-119.276505
"Mississauga, ON, Canada",43.59531,-79.640579
"Whitehorse, YT, Canada",60.721188,-135.056839
"Victoria, BC, Canada",48.407326,-123.329773
"St. John's, NL, Canada",47.560539,-52.71283
"Saskatoon, SK, Canada",52.146973,-106.647034
"Penticton, BC, Canada",49.489536,-119.589615
"Halifax, NS, Canada",44.65107,-63.582687
"Gatineau, QC, Canada",45.476543,-75.701271
"Trail, BC, Canada",49.095001,-117.709999
"Brampton, ON, Canada",43.683334,-79.76667
"Yellowknife, NT, Canada",62.453972,-114.371788
"Edmonton, AB, Canada",53.631611,-113.323975
"Hamilton, ON, Canada",43.255203,-79.843826
"Windsor, ON, Canada",42.317432,-83.026772
"Welland, ON, Canada",42.992157,-79.248253
"Chilliwack, BC, Canada",49.15794,-121.951469
"Red Deer, AB, Canada",52.268112,-113.811241
"Greater Sudbury, ON, Canada",46.490002,-81.010002
"Moncton, NB, Canada",46.090946,-64.790497
"Vancouver, BC, Canada",49.246292,-123.116226
"Quinte West, ON, Canada",44.188114,-77.586136
"Orillia, ON, Canada",44.608246,-79.419678
"Richmond Hill, Ontario, Canada",43.887501,-79.428406
"Kelowna, BC, Canada",49.882114,-119.477829
"Sherbrooke, QC, Canada",45.404476,-71.888351
"Port Colborne, ON, Canada",42.891411,-79.252075
"Quebec City, QC, Canada",46.829853,-71.254028
"Nanaimo, BC, Canada",49.165882,-123.940063
"Langley, BC, Canada",49.074329,-122.559319
"Houston, BC, Canada",54.400745,-126.641975
"Sydney, NS, Canada",46.138927,-60.193233
"Kitimat, BC, Canada",54.063168,-128.637131
"Hilton Beach, ON, Canada",46.256844,-83.888832
"Carterton, ON, Canada",46.198532,-83.956863
"Richards Landing, ON, Canada",46.292629,-84.035202
"Irma, Canada",52.913376,-111.230377
"Oshawa, ON, Canada",43.897095,-78.865791
"Merritt, BC, Canada",50.112778,-120.789719
Terrace BC Canada,54.515102,-128.610764
New York,40.6943,-73.9249
Los Angeles,34.1141,-118.4068
Chicago,41.8375,-87.6866
Miami,25.784,-80.2101
Dallas,32.7935,-96.7667
Houston,29.786,-95.3885
Philadelphia,40.0077,-75.1339
Atlanta,33.7628,-84.422
Washington,38.9047,-77.0163
Boston,42.3188,-71.0852
Phoenix,33.5722,-112.0892
Detroit,42.3834,-83.1024
San Francisco,37.7558,-122.4449
Seattle,47.6211,-122.3244
San Diego,32.8313,-117.1222
Minneapolis,44.9635,-93.2678
Tampa,27.9945,-82.4447
Brooklyn,40.6501,-73.9496
Denver,39.762,-104.8758
Queens,40.7498,-73.7976
Baltimore,39.3051,-76.6144
Las Vegas,36.2333,-115.2654
St. Louis,38.6359,-90.2451
Riverside,33.9381,-117.3949
Portland,45.5371,-122.65
San Antonio,29.4632,-98.5238
Sacramento,38.5677,-121.4685
San Juan,18.3985,-66.061
San Jose,37.3012,-121.848
Orlando,28.4773,-81.337
Cleveland,41.4764,-81.6805
Pittsburgh,40.4397,-79.9763
Manhattan,40.7834,-73.9662
Austin,30.3005,-97.7522
Cincinnati,39.1413,-84.506
Indianapolis,39.7771,-86.1458
Kansas City,39.1238,-94.5541
Columbus,39.9862,-82.9855
Charlotte,35.2083,-80.8303
Virginia Beach,36.7335,-76.0435
Bronx,40.8501,-73.8662
Milwaukee,43.0642,-87.9675
Providence,41.823,-71.4187
Jacksonville,30.3322,-81.6749
Salt Lake City,40.7776,-111.9311
Nashville,36.1715,-86.7842
Raleigh,35.8324,-78.6429
Memphis,35.1087,-89.9663
Richmond,37.5295,-77.4756
Louisville,38.1663,-85.6485
New Orleans,30.0687,-89.9288
Bridgeport,41.1918,-73.1954
Oklahoma City,35.4676,-97.5136
Buffalo,42.9018,-78.8487
Hartford,41.7661,-72.6834
Fort Worth,32.7817,-97.3474
Tucson,32.1541,-110.8787
Honolulu,21.3294,-157.846
McAllen,26.2252,-98.2467
El Paso,31.8476,-106.43
Omaha,41.2627,-96.0529
Albuquerque,35.1054,-106.6465
Birmingham,33.5279,-86.7971
Sarasota,27.3387,-82.5432
Dayton,39.7805,-84.2003
Rochester,43.168,-77.6162
Fresno,36.783,-119.7939
Tulsa,36.1283,-95.9042
Allentown,40.5961,-75.4756
Concord,37.9722,-122.0016
Cape Coral,26.6443,-81.9957
Charleston,32.8168,-79.9687
Colorado Springs,38.8674,-104.7605
Springfield,42.1155,-72.5395
Grand Rapids,42.9619,-85.6562
Ogden,41.2279,-111.9682
Columbia,34.0378,-80.9036
Baton Rouge,30.442,-91.1311
Knoxville,35.9692,-83.9496
Mission Viejo,33.6096,-117.6551
Albany,42.6664,-73.7987
Akron,41.0798,-81.5219
New Haven,41.3113,-72.9246
Provo,40.2457,-111.6457
Bakersfield,35.3529,-119.0359
Murrieta,33.5719,-117.1909
Des Moines,41.5725,-93.6105
Worcester,42.2705,-71.8079
Mesa,33.4015,-111.7178
Toledo,41.6638,-83.5827
Palm Bay,27.9631,-80.6593
Staten Island,40.5834,-74.1496
Wichita,37.6895,-97.3443
Harrisburg,40.2752,-76.8843
Long Beach,33.7977,-118.167
Little Rock,34.7256,-92.3577
Madison,43.0822,-89.393
Greenville,34.8354,-82.3646
Reno,39.5497,-119.8483
Port St. Lucie,27.2796,-80.3884
Lancaster,40.042,-76.3012
Spokane,47.6671,-117.433
Denton,33.2175,-97.1418
Poughkeepsie,41.695,-73.9211
Oakland,37.7904,-122.2166
Winston-Salem,36.1029,-80.261
Syracuse,43.0407,-76.1437
Boise,43.6005,-116.2308
Chattanooga,35.066,-85.2481
Augusta,33.3645,-82.0708
Arlington,32.6998,-97.125
Stockton,37.9765,-121.3109
Durham,35.9792,-78.9022
Palm Coast,29.5389,-81.2457
Scranton,41.4044,-75.6649
Aurora,39.7083,-104.7237
Oxnard,34.1964,-119.1815
Modesto,37.6375,-121.0028
Indio,33.7346,-116.2346
Kissimmee,28.3041,-81.4169
Youngstown,41.0993,-80.6463
Pensacola,30.4413,-87.1911
Lancaster,34.6935,-118.1753
Anaheim,33.839,-117.8574
Fayetteville,36.0714,-94.1661
Jackson,32.3157,-90.2125
Victorville,34.5277,-117.3536
Bonita Springs,26.3558,-81.7859
Greensboro,36.0956,-79.8271
Corpus Christi,27.7254,-97.3767
Flint,43.0236,-83.6921
Fayetteville,35.085,-78.9772
Santa Ana,33.7367,-117.8819
Fort Wayne,41.0888,-85.1436
Mobile,30.6782,-88.1162
Lansing,42.7142,-84.5601
Ann Arbor,42.2759,-83.731
Huntsville,34.6981,-86.6412
Lexington,38.0423,-84.4587
Santa Rosa,38.4458,-122.7067
Antioch,37.9787,-121.796
Asheville,35.5707,-82.5537
Henderson,36.0133,-115.0381
St. Paul,44.9478,-93.1039
Fort Collins,40.5477,-105.0656
Lakeland,28.0557,-81.9545
Springfield,37.1943,-93.2916
The Woodlands,30.1738,-95.5134
Shreveport,32.4653,-93.7955
Trenton,40.2237,-74.7641
Plano,33.0502,-96.7486
Round Lake Beach,42.3791,-88.0811
South Bend,41.6767,-86.2696
Savannah,32.0286,-81.1821
Newark,40.7245,-74.1725
Davenport,41.5565,-90.6053
Myrtle Beach,33.7094,-78.8844
Lincoln,40.8099,-96.6784
Rockford,42.2596,-89.064
Reading,40.34,-75.9267
Canton,40.8078,-81.3676
Irvine,33.6772,-117.7738
Eugene,44.0564,-123.1174
Chula Vista,32.6281,-117.0144
St. Petersburg,27.7931,-82.6652
Salem,44.9233,-123.0244
Lafayette,30.2082,-92.0325
Laredo,27.5625,-99.4874
Jersey City,40.7184,-74.0686
Santa Clarita,34.4175,-118.4964
Aguadilla,18.4382,-67.1537
Wilmington,34.2099,-77.8866
Lubbock,33.5657,-101.8879
Chandler,33.2825,-111.8514
Scottsdale,33.6872,-111.8651
Tallahassee,30.4551,-84.2527
Montgomery,32.3482,-86.2668
Peoria,40.752,-89.6154
Glendale,33.5791,-112.2311
Columbus,32.51,-84.8771
Anchorage,61.1508,-149.1091
Gilbert,33.31,-111.7463
North Las Vegas,36.2883,-115.0888
Avondale,33.3873,-112.3235
McKinney,33.2016,-96.667
Norfolk,36.8945,-76.259
Chesapeake,36.6778,-76.3023
Kennewick,46.1978,-119.1732
Winter Haven,28.0118,-81.7014
Irving,32.8583,-96.9702
Garland,32.91,-96.6304
York,39.9651,-76.7315
Concord,35.3933,-80.6369
Arlington,38.8786,-77.1011
Atlantic City,39.3797,-74.4527
Visalia,36.3276,-119.3269
Fremont,37.5265,-121.9843
Hialeah,25.8696,-80.3045
Nashua,42.7491,-71.491
Killeen,31.0753,-97.7297
Gulfport,30.4274,-89.0704
Brownsville,25.9975,-97.458
Evansville,37.9881,-87.5341
Appleton,44.278,-88.3892
Navarre,30.4174,-86.8907
Bel Air South,39.5022,-76.3113
Kalamazoo,42.2749,-85.5882
Bremerton,47.5436,-122.7121
Spring Valley,36.0952,-115.2636
San Bernardino,34.1416,-117.2943
Roanoke,37.2785,-79.9581
Spartanburg,34.9442,-81.9251
Tacoma,47.2431,-122.4531
Enterprise,36.0091,-115.2278
Green Bay,44.5148,-87.9895
Portland,43.6773,-70.2715
Thousand Oaks,34.1914,-118.8756
Fontana,34.0968,-117.4599
Hickory,35.741,-81.3223
Moreno Valley,33.9244,-117.2045
Deltona,28.905,-81.2137
Fargo,46.8651,-96.8292
Santa Barbara,34.4285,-119.7202
College Station,30.5852,-96.2959
Gainesville,29.6804,-82.3459
Amarillo,35.1984,-101.8316
Norwich,41.5495,-72.0882
Olympia,47.0417,-122.8959
Yonkers,40.9466,-73.8673
Huntington Beach,33.696,-118.0018
Glendale,34.1819,-118.2468
Aurora,41.7638,-88.2902
Huntington,38.4109,-82.4345
Sunrise Manor,36.1783,-115.0487
North Port,27.0576,-82.1977
Hagerstown,39.6401,-77.7217
Grand Prairie,32.6871,-97.0208
Overland Park,38.887,-94.687
Paradise,36.0872,-115.1355
Tempe,33.3881,-111.9319
Salinas,36.6883,-121.6317
Erie,42.1167,-80.0733
Cedar Rapids,41.9662,-91.6783
Waterbury,41.5582,-73.0361
Frisco,33.156,-96.8216
Waco,31.5599,-97.1882
Gastonia,35.2494,-81.1854
Clarksville,36.5692,-87.3413
Vancouver,45.6366,-122.5967
Lorain,41.4409,-82.184
Nampa,43.5844,-116.5638
Fort Lauderdale,26.1412,-80.1464
Hemet,33.7341,-116.9969
Newport News,37.1051,-76.5185
Ontario,34.0393,-117.6064
Rancho Cucamonga,34.1247,-117.5667
Vallejo,38.1125,-122.2342
Oceanside,33.2247,-117.3083
Vero Beach South,27.6132,-80.4163
Ocala,29.178,-82.1511
Sioux Falls,43.5396,-96.7311
Danbury,41.4015,-73.4709
Elk Grove,38.4161,-121.3842
High Point,35.991,-79.9937
Garden Grove,33.7787,-117.9601
Peoria,33.7843,-112.2989
Pembroke Pines,26.0128,-80.3382
Medford,42.3372,-122.854
Murfreesboro,35.849,-86.4121
Cary,35.7819,-78.8195
Lafayette,40.3991,-86.8593
Corona,33.8616,-117.5649
Santa Cruz,36.9789,-122.0346
Spring Hill,28.4798,-82.53
Muskegon,43.2281,-86.2562
Manchester,42.9848,-71.4447
Marysville,48.0809,-122.1561
Springfield,39.7709,-89.654
Frederick,39.4337,-77.4141
Hayward,37.6328,-122.0766
Alexandria,38.8185,-77.0861
Bayamón,18.3794,-66.1635
Port Arthur,29.8554,-93.9264
Lakewood,39.6977,-105.1172
Fredericksburg,38.2992,-77.4872
Leesburg,28.7672,-81.8962
Hollywood,26.0293,-80.1679
Palmdale,34.5944,-118.1057
Macon,32.8065,-83.6974
Kansas City,39.1235,-94.7443
Champaign,40.1142,-88.2737
Sunnyvale,37.3836,-122.0255
Pasadena,29.6575,-95.1498
Pomona,34.0585,-117.7626
Escondido,33.1348,-117.0723
Mauldin,34.7821,-82.3032
New Bedford,41.6697,-70.9428
Panama City,30.1995,-85.6003
Tuscaloosa,33.2348,-87.5268
Warner Robins,32.5961,-83.6527
Naperville,41.748,-88.1659
Merced,37.3057,-120.4779
Elkhart,41.6916,-85.9627
Joliet,41.5188,-88.1499
Binghamton,42.1014,-75.9093
Houma,29.58,-90.7059
Bellevue,47.5951,-122.1535
Topeka,39.0346,-95.6955
Paterson,40.9147,-74.1624
Lake Charles,30.201,-93.2111
Torrance,33.8346,-118.3416
Thornton,39.9197,-104.9438
Tyler,32.3184,-95.3062
Athens,33.9508,-83.3689
Beaumont,30.0849,-94.1451
Pueblo,38.2701,-104.6114
Odessa,31.8801,-102.3448
Mesquite,32.7602,-96.5865
Fairfield,38.2583,-122.0335
Pasadena,34.1597,-118.139
Charleston,38.3484,-81.6322
Fullerton,33.8841,-117.9279
Miramar,25.9773,-80.3351
Midland,32.0243,-102.1147
Gainesville,34.2902,-83.8294
Orange,33.8038,-117.8218
Olathe,38.8833,-94.82
Santa Maria,34.9333,-120.4431
Surprise,33.6815,-112.4515
Roseville,38.7703,-121.3196
Metairie,29.9977,-90.178
Yuma,32.5995,-114.5491
Carrollton,32.989,-96.8999
Burlington,36.076,-79.4685
West Valley City,40.6886,-112.0123
Hampton,37.0551,-76.363
Racine,42.7274,-87.8135
Greeley,40.4152,-104.7706
Harlingen,26.1916,-97.6977
Carolina,18.4054,-65.9792
Warren,42.4934,-83.027
Grand Junction,39.0877,-108.5673
Coral Springs,26.2702,-80.2591
Columbia,38.9472,-92.3268
Bloomington,40.4757,-88.9703
Sterling Heights,42.5809,-83.0305
Stamford,41.1039,-73.5585
Kent,47.3887,-122.2128
Bellingham,48.7548,-122.469
Las Cruces,32.3265,-106.7893
Greenville,35.5943,-77.376
Round Rock,30.527,-97.6642
Elizabeth,40.6658,-74.1913
South Lyon,42.4614,-83.6526
Simi Valley,34.2663,-118.749
Santa Clara,37.3646,-121.968
Yakima,46.5923,-120.5496
Johnson City,36.3406,-82.3806
Dover,39.161,-75.5202
Pearland,29.5581,-95.3218
Lynchburg,37.4003,-79.1909
Fort Smith,35.3495,-94.3695
Yuba City,39.1357,-121.6383
Lehigh Acres,26.612,-81.6388
Kenosha,42.5865,-87.8773
Arecibo,18.4491,-66.7387
Berkeley,37.8722,-122.276
Boulder,40.0248,-105.2524
Texas City,29.4154,-94.9682
Iowa City,41.6559,-91.5303
Waldorf,38.6085,-76.9194
East Los Angeles,34.0326,-118.1691
Redding,40.5698,-122.365
Arvada,39.832,-105.151
The Villages,28.9034,-81.9887
Saginaw,43.4199,-83.9501
Ponce,18.0127,-66.6212
Richardson,32.9716,-96.7093
Sugar Land,29.5935,-95.6358
Leominster,42.5209,-71.7717
St. Cloud,45.534,-94.1718
Duluth,46.7756,-92.1393
Cambridge,42.3759,-71.1185
Monroe,32.5185,-92.0774
Independence,39.0871,-94.3501
Rochester,44.0154,-92.478
Rock Hill,34.9415,-81.0241
Bloomington,39.1637,-86.5257
Billings,45.7891,-108.5526
Seaside,36.6224,-121.8199
Clearwater,27.979,-82.7623
Brandon,27.9367,-82.3
Burlington,44.4876,-73.2316
Pottstown,40.2508,-75.6445
Waterloo,42.4918,-92.3522
West Jordan,40.6024,-112.0008
Coeur d'Alene,47.704,-116.7936
Westminster,39.8837,-105.0624
St. George,37.0758,-113.5752
Gilroy,37.0046,-121.5854
Carlsbad,33.1246,-117.2834
El Monte,34.0739,-118.0291
North Charleston,32.9067,-80.0722
Chico,39.7578,-121.8161
Temecula,33.4928,-117.1315
Costa Mesa,33.6667,-117.9135
Utica,43.0962,-75.2261
Clovis,36.8278,-119.683
Norman,35.2335,-97.3471
Elgin,42.0383,-88.324
Centennial,39.5926,-104.8673
Lowell,42.6389,-71.3217
Downey,33.9379,-118.1311
Pompano Beach,26.2428,-80.1312
West Palm Beach,26.7469,-80.132
Abilene,32.4543,-99.7384
Everett,47.9525,-122.1669
Miami Gardens,25.9433,-80.2426
Gresham,45.5021,-122.4413
El Centro,32.7865,-115.5595
Richmond,37.9477,-122.3389
Inglewood,33.9566,-118.3444
Salisbury,38.3756,-75.5865
Broken Arrow,36.038,-95.7806
San Buenaventura,34.2741,-119.2314
Sandy Springs,33.9366,-84.3703
Hillsboro,45.5273,-122.936
Sioux City,42.4959,-96.3901
Jacksonville,34.7289,-77.3941
Meridian,43.6116,-116.3977
Lewisville,33.0454,-96.9815
Bend,44.0563,-121.3095
Daly City,37.6862,-122.4685
Highlands Ranch,39.5419,-104.9708
Jurupa Valley,34.001,-117.4706
Temple,31.1068,-97.3891
Logan,41.7399,-111.8422
Kailua,21.392,-157.7396
West Covina,34.0555,-117.9113
Davie,26.0789,-80.287
Columbia,39.2004,-76.859
League City,29.4874,-95.1087
Mandeville,30.3751,-90.0904
San Tan Valley,33.1786,-111.5629
Turlock,37.5053,-120.8588
Norwalk,33.9069,-118.0829
Allen,33.1088,-96.6735
San Germán,18.0827,-67.046
San Mateo,37.5522,-122.3121
Rialto,34.1175,-117.3892
Burbank,34.1879,-118.3235
El Cajon,32.8017,-116.9604
Eau Claire,44.8197,-91.4948
Sparks,39.5736,-119.7161
Charlottesville,38.0375,-78.4855
Renton,47.4784,-122.1918
Idaho Falls,43.4871,-112.0362
Vista,33.1896,-117.2386
Holland,42.7677,-86.0984
Longmont,40.1686,-105.1005
Wichita Falls,33.9072,-98.5291
Lafayette,39.9946,-105.0998
Vacaville,38.3587,-121.9673
Spokane Valley,47.6626,-117.2346
La Crosse,43.8241,-91.2268
Carmel,39.965,-86.146
Boca Raton,26.3752,-80.108
Longview,32.5193,-94.7622
Kingsport,36.5224,-82.5454
South Fulton,33.6273,-84.58
Beaverton,45.4779,-122.8168
Rio Rancho,35.2873,-106.6982
Prescott Valley,34.598,-112.3185
Orem,40.2981,-111.6994
Edinburg,26.3196,-98.1597
San Angelo,31.4424,-100.4504
Portsmouth,43.058,-70.7826
Tracy,37.7269,-121.4523
Federal Way,47.3091,-122.3358
Lawrence,38.9597,-95.2642
Manteca,37.7927,-121.2264
San Marcos,33.135,-117.1743
Sandy,40.5709,-111.8506
Riverview,27.8227,-82.3023
Compton,33.893,-118.2274
Brockton,42.0821,-71.0242
Santa Fe,35.6619,-105.9819
Hanford,36.3274,-119.6549
Middletown,39.5033,-84.3659
Hesperia,34.3975,-117.3147
Portsmouth,36.8468,-76.354
South Gate,33.9447,-118.1926
Roswell,34.0391,-84.3513
Sunrise,26.1547,-80.2997
Bowling Green,36.9716,-86.4378
Lee's Summit,38.9171,-94.3816
Slidell,30.2887,-89.7828
Blacksburg,37.23,-80.4279
Quincy,42.2506,-71.0187
Plantation,26.1259,-80.2617
Dearborn,42.3127,-83.213
Lynn,42.4781,-70.9664
Livonia,42.3972,-83.3733
Missoula,46.8751,-114.0214
Arden-Arcade,38.6017,-121.3845
Fishers,39.9588,-85.9659
Mayagüez,18.2003,-67.1397
Terre Haute,39.466,-87.3751
Edmond,35.6689,-97.416
Menifee,33.6909,-117.1849
Vineland,39.4653,-74.9981
Santa Monica,34.0235,-118.481
Alafaya,28.528,-81.1868
Suffolk,36.6953,-76.6398
Carson,33.8374,-118.2559
Kirkland,47.697,-122.2057
Westminster,33.7523,-117.9938
San Leandro,37.7074,-122.1599
Lawton,34.6175,-98.4202
Bismarck,46.8143,-100.7694
Dover,43.1887,-70.8845
Town 'n' Country,28.0106,-82.5763
Fall River,41.7136,-71.1015
Rapid City,44.0716,-103.2204
Germantown,39.1755,-77.2643
Miami Beach,25.8171,-80.1396
Mount Pleasant,32.8537,-79.8203
Albany,31.5776,-84.1762
Chino,33.9836,-117.6654
Norwalk,41.1144,-73.4215
Florence,34.178,-79.7898
State College,40.7909,-77.8567
Livermore,37.6868,-121.7607
Conroe,30.3238,-95.4824
Newton,42.3316,-71.2085
O'Fallon,38.785,-90.7175
Dalton,34.769,-84.972
Citrus Heights,38.6948,-121.288
Jackson,42.2431,-84.4038
Waukegan,42.3698,-87.8716
Muncie,40.1989,-85.395
Newport Beach,33.6151,-117.8668
Decatur,39.8557,-88.9342
Homosassa Springs,28.8119,-82.5392
Port Huron,42.9821,-82.4388
Anderson,40.0891,-85.6892
Bryan,30.665,-96.3807
Hawthorne,33.9147,-118.3476
Hoover,33.3763,-86.8068
Napa,38.2975,-122.301
Bloomington,44.8306,-93.3151
Clifton,40.863,-74.1575
Springfield,39.93,-83.7959
Hattiesburg,31.3074,-89.317
Whittier,33.9678,-118.0188
Largo,27.9088,-82.7712
Lake Forest,33.6605,-117.6714
New Braunfels,29.6994,-98.1148
Johns Creek,34.0333,-84.2027
Redwood City,37.5025,-122.2253
Alhambra,34.084,-118.1355
Troy,42.5817,-83.1457
Mission,26.2039,-98.3256
Alton,38.9037,-90.152
Goodyear,33.2614,-112.3622
Fort Myers,26.6194,-81.8302
Williamsburg,37.2693,-76.7076
Chino Hills,33.9508,-117.7254
Melbourne,28.1086,-80.6627
Buena Park,33.8572,-118.0046
Kankakee,41.102,-87.8643
Atascocita,29.9777,-95.1953
Loveland,40.4166,-105.0623
Westland,42.3192,-83.3805
Cicero,41.8445,-87.7593
Pine Hills,28.5818,-81.4692
San Ramon,37.7624,-121.9365
Cranston,41.7658,-71.4858
Somerville,42.3908,-71.1014
Silver Spring,39.0028,-77.0207
Warwick,41.7062,-71.4334
Joplin,37.0757,-94.5018
Farmington Hills,42.486,-83.3771
Auburn,47.3039,-122.2108
Deerfield Beach,26.305,-80.1277
Tustin,33.7311,-117.8107
Franklin,35.92,-86.8516
Anderson,34.5211,-82.6478
Lebanon,40.3412,-76.4228
Springdale,36.1901,-94.1574
Yauco,18.0344,-66.8615
Madera,36.963,-120.0778
Brooklyn Park,45.1112,-93.3505
Mountain View,37.4001,-122.0796
Lawrence,42.7002,-71.1626
Pleasanton,37.6663,-121.8805
Alameda,37.7668,-122.267
Zephyrhills,28.2409,-82.1797
Lakewood,33.8471,-118.1222
Flagstaff,35.1872,-111.6194
Florence,34.8303,-87.6655
Folsom,38.6668,-121.1422
New Rochelle,40.9304,-73.7836
St. Joseph,39.7598,-94.821
Texarkana,33.45,-94.0847
Plymouth,45.0225,-93.4617
Flower Mound,33.0343,-97.1146
Valdosta,30.8502,-83.2788
Pharr,26.1685,-98.1904
Parma,41.3843,-81.7286
Newark,40.0706,-82.425
Elizabethtown,37.7031,-85.8773
Davis,38.5553,-121.737
St. Augustine,29.8976,-81.31
Boynton Beach,26.5281,-80.0811
Perris,33.7898,-117.2233
Anniston,33.6712,-85.8135
Sumter,33.9392,-80.393
Upland,34.1178,-117.6604
Layton,41.077,-111.962
Kendall,25.6697,-80.3556
Morgantown,39.6383,-79.9464
Cedar Park,30.5105,-97.8197
Auburn,32.6087,-85.4903
Camarillo,34.223,-119.0321
Cheyenne,41.135,-104.7902
Bellflower,33.888,-118.1271
Watsonville,36.9206,-121.7708
Hammond,41.6168,-87.4909
Baytown,29.7587,-94.9671
Wausau,44.962,-89.6459
Wyoming,42.8908,-85.7066
Alexandria,31.2923,-92.4702
Hammond,30.5061,-90.4563
Baldwin Park,34.0829,-117.9722
Carmichael,38.6318,-121.3263
Battle Creek,42.2985,-85.2296
Bethlehem,40.6266,-75.3679
Fajardo,18.3331,-65.6589
Gary,41.5905,-87.3473
Georgetown,30.666,-97.6966
Missouri City,29.563,-95.5365
Oshkosh,44.0227,-88.5619
Milpitas,37.4336,-121.8921
Arlington Heights,42.0955,-87.9826
Union City,37.6032,-122.0181
Wheeling,40.0752,-80.6951
Harrisonburg,38.4362,-78.8735
Winchester,39.1735,-78.1746
Buckeye,33.4314,-112.6429
Rancho Cordova,38.5737,-121.2527
Pocatello,42.8724,-112.4647
Rochester Hills,42.6645,-83.1563
Bolingbrook,41.6901,-88.1021
Pasco,46.2506,-119.1305
Hilton Head Island,32.1896,-80.7499
Centreville,38.839,-77.4389
Mansfield,40.7656,-82.5275
Evanston,42.0464,-87.6943
Camden,39.9361,-75.1073
South Jordan,40.557,-111.9784
Jonesboro,35.8212,-90.6791
Lake Jackson,29.0516,-95.4521
Schaumburg,42.0308,-88.0838
Altoona,40.5082,-78.4007
Apple Valley,34.5352,-117.2109
Conway,35.0753,-92.4692
Ellicott City,39.2774,-76.8345
Owensboro,37.7575,-87.1172
Caguas,18.2319,-66.0388
Southfield,42.4765,-83.2605
Framingham,42.3085,-71.4368
Cleveland,35.1817,-84.8707
New Britain,41.6759,-72.7862
Waukesha,43.0087,-88.2464
Dale City,38.6473,-77.3459
Janesville,42.6854,-89.0135
Lauderhill,26.1605,-80.2241
Pawtucket,41.8744,-71.3743
Juana Díaz,18.0532,-66.5044
Pittsburg,38.0182,-121.8965
Redlands,34.0512,-117.1712
Maple Grove,45.1089,-93.4626
Mansfield,32.569,-97.1213
Woodbury,44.9057,-92.923
Wenatchee,47.436,-120.3295
Jackson,35.6538,-88.8354
Weston,26.1006,-80.4054
San Marcos,29.8734,-97.9356
Wilmington,39.7415,-75.5416
St. Charles,38.7954,-90.5157
Eldersburg,39.4041,-76.9528
North Richland Hills,32.8604,-97.218
Casas Adobes,32.3423,-111.0113
Sheboygan,43.7403,-87.7316
Lodi,38.1218,-121.2932
Walnut Creek,37.9024,-122.0399
Passaic,40.8574,-74.1282
Bristol,36.5572,-82.2154
Decatur,34.5731,-86.9905
West Bend,43.4173,-88.1818
Glen Burnie,39.156,-76.6071
Lynwood,33.924,-118.2016
Dothan,31.2336,-85.407
Broomfield,39.9542,-105.0526
Lima,40.741,-84.112
Florida,18.3643,-66.5611
Homestead,25.4665,-80.4472
Delray Beach,26.455,-80.0905
Daytona Beach,29.1995,-81.0982
Bossier City,32.5224,-93.6668
Poinciana,28.1217,-81.4821
Parkersburg,39.2623,-81.542
Rockville,39.0834,-77.1553
Yorba Linda,33.889,-117.7714
Union City,40.7675,-74.0323
Palo Alto,37.3905,-122.1468
Redmond,47.6763,-122.1169
Longview,46.1461,-122.963
Bay City,43.5902,-83.8887
Dubuque,42.5002,-90.707
Porterville,36.0643,-119.0338
Gaithersburg,39.1346,-77.2131
Palatine,42.118,-88.043
Rogers,36.317,-94.1531
Mount Vernon,48.4203,-122.3115
El Paso de Robles,35.6394,-120.656
Mount Vernon,40.9136,-73.8291
Sherman,33.6273,-96.6221
Rocklin,38.8075,-121.2489
Hanover,39.8118,-76.9836
Rome,34.2662,-85.1863
Lehi,40.4136,-111.8725
South San Francisco,37.6538,-122.4196
Kenner,30.0109,-90.2549
Guaynabo,18.3832,-66.1134
West Des Moines,41.5521,-93.7806
Redondo Beach,33.8577,-118.3765
DeKalb,41.9314,-88.7481
Petaluma,38.2423,-122.6266
Alpharetta,34.0704,-84.2738
Carbondale,37.7221,-89.2237
Tamarac,26.2056,-80.2539
Victoria,28.8287,-96.9849
Albany,44.6272,-123.0965
Eagan,44.817,-93.1638
Saratoga Springs,43.0674,-73.7775
Corvallis,44.5698,-123.2779
North Little Rock,34.7807,-92.2371
Glens Falls,43.3109,-73.6458
Michigan City,41.7092,-86.869
Ames,42.0256,-93.6217
Shawnee,39.0158,-94.8076
Eastvale,33.9617,-117.5803
Lakeville,44.6774,-93.252
Weirton,40.406,-80.5671
Rowlett,32.9155,-96.5489
Guayama,17.9743,-66.1104
Schenectady,42.8025,-73.9275
Sammamish,47.6017,-122.0416
Castle Rock,39.3763,-104.8535
Jupiter,26.92,-80.1128
Bayonne,40.6668,-74.1158
Bethesda,38.9866,-77.1188
Blaine,45.1696,-93.2077
Laguna Niguel,33.5275,-117.705
Wellington,26.6461,-80.2699
San Clemente,33.4499,-117.6102
Florence-Graham,33.9682,-118.2447
Ankeny,41.7288,-93.6031
East Orange,40.7651,-74.2117
Tulare,36.1995,-119.34
Eden Prairie,44.8488,-93.4595
Noblesville,40.0355,-86.0042
Castro Valley,37.7088,-122.0626
Port Charlotte,26.9918,-82.114
Lake Elsinore,33.6847,-117.3344
Fairbanks,64.8353,-147.6533
South Hill,47.1198,-122.2853
Twin Rivers,40.2631,-74.4917
Bellevue,41.1485,-95.939
Casper,42.842,-106.3208
Dublin,37.7161,-121.8963
Dundalk,39.2704,-76.4942
Port Orange,29.1085,-81.0137
Haverhill,42.7838,-71.0871
Grand Forks,47.9214,-97.0884
The Hammocks,25.67,-80.4482
Pflugerville,30.4515,-97.6018
Elmira,42.0938,-76.8097
Skokie,42.036,-87.74
Sebring,27.477,-81.453
Brentwood,37.9356,-121.719
Encinitas,33.0492,-117.261
La Habra,33.9282,-117.9515
Brentwood,40.7839,-73.2522
Springfield,44.0538,-122.9811
Coon Rapids,45.1755,-93.3094
Montebello,34.0155,-118.1108
Waltham,42.3889,-71.2423
Pico Rivera,33.9901,-118.0888
North Miami,25.9008,-80.1686
Council Bluffs,41.2369,-95.8516
Doral,25.8152,-80.3565
Hamilton,39.3939,-84.5653
Great Falls,47.5022,-111.2996
Rocky Mount,35.9685,-77.804
Chapel Hill,35.9271,-79.0391
Palm Harbor,28.0847,-82.7481
Moore,35.3293,-97.4757
Burnsville,44.7648,-93.2793
Spring,30.0613,-95.383
Reston,38.9497,-77.3461
National City,32.6654,-117.0983
Taylor,42.226,-83.2688
Coconut Creek,26.2803,-80.1842
Millcreek,40.6892,-111.8292
Malden,42.4305,-71.0576
Marietta,33.9533,-84.5422
Leander,30.5728,-97.8618
Monterey Park,34.0497,-118.1326
Lakewood,47.1628,-122.5299
Wesley Chapel,28.2106,-82.3238
Novi,42.4786,-83.4893
Sanford,28.7891,-81.2757
La Mesa,32.7703,-117.0204
Bristol,41.6812,-72.9407
Taylorsville,40.6569,-111.9493
West Allis,43.0068,-88.0296
Cupertino,37.3168,-122.0466
Woodland,38.6712,-121.75
Pontiac,42.6493,-83.2878
Meriden,41.5369,-72.7946
Gardena,33.8943,-118.3072
Royal Oak,42.5084,-83.1539
Bartlett,35.2337,-89.8195
St. Clair Shores,42.4925,-82.8961
San Rafael,37.9905,-122.5221
Fountainebleau,25.7723,-80.346
Greenwood,39.6019,-86.1073
South Whittier,33.9336,-118.0312
Margate,26.2466,-80.2119
Orland Park,41.6075,-87.8619
Des Plaines,42.0345,-87.9008
Medford,42.4234,-71.1087
White Plains,41.022,-73.7547
Bowie,38.9549,-76.7406
Kokomo,40.464,-86.1277
Hendersonville,36.3063,-86.5997
Huntington Park,33.98,-118.2167
Towson,39.3944,-76.619
St. Peters,38.7825,-90.6061
Santee,32.8554,-116.9851
Midwest City,35.463,-97.371
Richland,46.2824,-119.2939
Bradenton,27.4901,-82.5757
Taunton,41.9036,-71.0943
Casa Grande,32.9069,-111.7624
Huntersville,35.406,-80.8716
Arcadia,34.1342,-118.0373
Palm Beach Gardens,26.8466,-80.1679
Shoreline,47.7564,-122.3426
Caldwell,43.6453,-116.6594
Euless,32.8508,-97.08
Smyrna,33.8633,-84.5168
Fountain Valley,33.7105,-117.9514
Tinley Park,41.567,-87.8049
New Brunswick,40.487,-74.445
Commerce City,39.8641,-104.843
Diamond Bar,33.9992,-117.8161
Tamiami,25.7556,-80.4016
Kendale Lakes,25.7081,-80.4078
Dearborn Heights,42.3164,-83.2769
Lake Havasu City,34.5006,-114.3113
Parker,39.5084,-104.7753
Oak Lawn,41.7139,-87.7528
Blue Springs,39.0124,-94.2721
Hacienda Heights,33.997,-117.9727
Highland,34.1113,-117.165
Kettering,39.6956,-84.1494
Carson City,39.1511,-119.7476
Apex,35.7237,-78.8743
Chicopee,42.1764,-72.5719
Manhattan,39.1886,-96.6048
Southaven,34.9514,-89.9786
Berwyn,41.8433,-87.7909
Cathedral City,33.8362,-116.4642
Lenexa,38.9609,-94.8018
Brookhaven,33.8743,-84.3314
Normal,40.5217,-88.9884
West Haven,41.2739,-72.9672
Stonecrest,33.6842,-84.1372
Westchester,25.7471,-80.3523
Yucaipa,34.0336,-117.0429
Colton,34.0538,-117.3255
Mount Prospect,42.0641,-87.9375
Grapevine,32.9343,-97.0742
Tigard,45.4237,-122.7845
Paramount,33.8977,-118.1651
Aspen Hill,39.0927,-77.0826
Rosemead,34.0689,-118.0823
Elyria,41.376,-82.106
Novato,38.092,-122.5575
Minnetonka,44.9322,-93.4598
Leesburg,39.1057,-77.5544
Apple Valley,44.7457,-93.2004
Aloha,45.492,-122.8725
Summerville,33.0016,-80.1799
West Sacramento,38.5557,-121.5505
Pinellas Park,27.8589,-82.7078
Revere,42.4189,-71.004
Severn,39.1355,-76.6956
Hoboken,40.7452,-74.0281
DeSoto,32.5992,-96.8633
Wheaton,41.8561,-88.1085
St. Cloud,28.2363,-81.2779
Palm Desert,33.7378,-116.3695
Peabody,42.5335,-70.9725
Milford city ,41.2255,-73.0625
Delano,35.7662,-119.2635
Apopka,28.7015,-81.5316
West New York,40.7857,-74.0094
Edina,44.8914,-93.3602
Queen Creek,33.2454,-111.6173
Oak Park,41.8872,-87.7899
Bentonville,36.3547,-94.2305
Placentia,33.8807,-117.8553
Kentwood,42.8852,-85.5926
Perth Amboy,40.5202,-74.2724
Burien,47.4762,-122.3394
Levittown,40.7241,-73.5125
Wylie,33.0362,-96.5161
Grand Island,40.9218,-98.3586
Florissant,38.7996,-90.3269
Wheaton,39.0492,-77.0573
Glendora,34.1449,-117.8467
Lacey,47.0462,-122.7933
Smyrna,35.9687,-86.5264
Madison,34.7114,-86.7626
Catalina Foothills,32.3046,-110.8838
Collierville,35.047,-89.6987
Methuen Town,42.734,-71.1889
Hoffman Estates,42.064,-88.1468
Country Club,25.9407,-80.3102
Aliso Viejo,33.5792,-117.7289
Maricopa,33.0408,-112.0011
Galveston,29.2484,-94.8913
Plainfield,40.6154,-74.4157
Stillwater,36.1317,-97.0742
Enid,36.4063,-97.87
Lakewood,41.4822,-81.8008
